﻿id,cate1,cate2,cate3
1,블라우스,상의,패션 의류
2,티셔츠,상의,패션 의류
3,셔츠,상의,패션 의류
4,가디건,상의,패션 의류
5,면바지,하의,패션 의류
6,청바지,하의,패션 의류
7,스커트,하의,패션 의류
8,레깅스,하의,캐쥬얼 의류
9,코트,아우터,패션 의류
10,점퍼/패딩,아우터,패션 의류
11,자켓,아우터,패션 의류
12,원피스,상하세트,패션 의류
13,트레이닝복,상하세트,캐쥬얼 의류
14,홈웨어,상하세트,캐쥬얼 의류
